"country_code","country","unit_code","unit","financing_code","financing_scheme","year","value"
"AUS","Australia","PT_B1GQ","Percentage of GDP","HF1","Government/compulsory schemes",2015,6.948
"AUS","Australia","PT_B1GQ","Percentage of GDP","HF1","Government/compulsory schemes",2016,6.944
"AUS","Australia","PT_B1GQ","Percentage of GDP","HF1","Government/compulsory schemes",2017,6.979
"AUS","Australia","PT_B1GQ","Percentage of GDP","HF1","Government/compulsory schemes",2018,6.968
"AUS","Australia","PT_B1GQ","Percentage of GDP","HF1","Government/compulsory schemes",2019,7.322
"AUS","Australia","PT_B1GQ","Percentage of GDP","HF1","Government/compulsory schemes",2020,7.65
"AUS","Australia","PT_B1GQ","Percentage of GDP","HF1","Government/compulsory schemes",2021,7.754
"AUS","Australia","PT_B1GQ","Percentage of GDP","HF1","Government/compulsory schemes",2022,7.179
"AUS","Australia","PT_B1GQ","Percentage of GDP","HF1","Government/compulsory schemes",2023,7.507
"AUS","Australia","PT_B1GQ","Percentage of GDP","HF1","Government/compulsory schemes",2024,7.882
"AUS","Australia","PT_B1GQ","Percentage of GDP","HF1","Government/compulsory schemes",2025,8.15
"AUS","Australia","PT_B1GQ","Percentage of GDP","_T","Total",2015,10.097
"AUS","Australia","PT_B1GQ","Percentage of GDP","_T","Total",2016,10.06
"AUS","Australia","PT_B1GQ","Percentage of GDP","_T","Total",2017,10.093
"AUS","Australia","PT_B1GQ","Percentage of GDP","_T","Total",2018,10.082
"AUS","Australia","PT_B1GQ","Percentage of GDP","_T","Total",2019,10.262
"AUS","Australia","PT_B1GQ","Percentage of GDP","_T","Total",2020,10.743
"AUS","Australia","PT_B1GQ","Percentage of GDP","_T","Total",2021,10.561
"AUS","Australia","PT_B1GQ","Percentage of GDP","_T","Total",2022,9.957
"AUS","Australia","PT_B1GQ","Percentage of GDP","_T","Total",2023,10.362
"AUS","Australia","PT_B1GQ","Percentage of GDP","_T","Total",2024,10.838
"AUS","Australia","PT_B1GQ","Percentage of GDP","_T","Total",2025,11.148
"AUS","Australia","PT_B1GQ","Percentage of GDP","HF2HF3","Voluntary schemes/household out-of-pocket payments",2015,3.149
"AUS","Australia","PT_B1GQ","Percentage of GDP","HF2HF3","Voluntary schemes/household out-of-pocket payments",2016,3.116
"AUS","Australia","PT_B1GQ","Percentage of GDP","HF2HF3","Voluntary schemes/household out-of-pocket payments",2017,3.115
"AUS","Australia","PT_B1GQ","Percentage of GDP","HF2HF3","Voluntary schemes/household out-of-pocket payments",2018,3.114
"AUS","Australia","PT_B1GQ","Percentage of GDP","HF2HF3","Voluntary schemes/household out-of-pocket payments",2019,2.94
"AUS","Australia","PT_B1GQ","Percentage of GDP","HF2HF3","Voluntary schemes/household out-of-pocket payments",2020,3.093
"AUS","Australia","PT_B1GQ","Percentage of GDP","HF2HF3","Voluntary schemes/household out-of-pocket payments",2021,2.807
"AUS","Australia","PT_B1GQ","Percentage of GDP","HF2HF3","Voluntary schemes/household out-of-pocket payments",2022,2.777
"AUS","Australia","PT_B1GQ","Percentage of GDP","HF2HF3","Voluntary schemes/household out-of-pocket payments",2023,2.855
"AUS","Australia","PT_B1GQ","Percentage of GDP","HF2HF3","Voluntary schemes/household out-of-pocket payments",2024,2.956
"AUS","Australia","PT_B1GQ","Percentage of GDP","HF2HF3","Voluntary schemes/household out-of-pocket payments",2025,2.997
"CAN","Canada","PT_B1GQ","Percentage of GDP","HF1","Government/compulsory schemes",2015,7.612
"CAN","Canada","PT_B1GQ","Percentage of GDP","HF1","Government/compulsory schemes",2016,7.707
"CAN","Canada","PT_B1GQ","Percentage of GDP","HF1","Government/compulsory schemes",2017,7.587
"CAN","Canada","PT_B1GQ","Percentage of GDP","HF1","Government/compulsory schemes",2018,7.582
"CAN","Canada","PT_B1GQ","Percentage of GDP","HF1","Government/compulsory schemes",2019,7.66
"CAN","Canada","PT_B1GQ","Percentage of GDP","HF1","Government/compulsory schemes",2020,9.592
"CAN","Canada","PT_B1GQ","Percentage of GDP","HF1","Government/compulsory schemes",2021,8.984
"CAN","Canada","PT_B1GQ","Percentage of GDP","HF1","Government/compulsory schemes",2022,7.819
"CAN","Canada","PT_B1GQ","Percentage of GDP","HF1","Government/compulsory schemes",2023,8.006
"CAN","Canada","PT_B1GQ","Percentage of GDP","HF1","Government/compulsory schemes",2024,8.137
"CAN","Canada","PT_B1GQ","Percentage of GDP","HF1","Government/compulsory schemes",2025,8.082
"CAN","Canada","PT_B1GQ","Percentage of GDP","_T","Total",2015,10.757
"CAN","Canada","PT_B1GQ","Percentage of GDP","_T","Total",2016,11.045
"CAN","Canada","PT_B1GQ","Percentage of GDP","_T","Total",2017,10.935
"CAN","Canada","PT_B1GQ","Percentage of GDP","_T","Total",2018,10.9
"CAN","Canada","PT_B1GQ","Percentage of GDP","_T","Total",2019,11.023
"CAN","Canada","PT_B1GQ","Percentage of GDP","_T","Total",2020,12.991
"CAN","Canada","PT_B1GQ","Percentage of GDP","_T","Total",2021,12.366
"CAN","Canada","PT_B1GQ","Percentage of GDP","_T","Total",2022,11.02
"CAN","Canada","PT_B1GQ","Percentage of GDP","_T","Total",2023,11.389
"CAN","Canada","PT_B1GQ","Percentage of GDP","_T","Total",2024,11.524
"CAN","Canada","PT_B1GQ","Percentage of GDP","_T","Total",2025,11.484
"CAN","Canada","PT_B1GQ","Percentage of GDP","HF2HF3","Voluntary schemes/household out-of-pocket payments",2015,3.145
"CAN","Canada","PT_B1GQ","Percentage of GDP","HF2HF3","Voluntary schemes/household out-of-pocket payments",2016,3.338
"CAN","Canada","PT_B1GQ","Percentage of GDP","HF2HF3","Voluntary schemes/household out-of-pocket payments",2017,3.348
"CAN","Canada","PT_B1GQ","Percentage of GDP","HF2HF3","Voluntary schemes/household out-of-pocket payments",2018,3.318
"CAN","Canada","PT_B1GQ","Percentage of GDP","HF2HF3","Voluntary schemes/household out-of-pocket payments",2019,3.363
"CAN","Canada","PT_B1GQ","Percentage of GDP","HF2HF3","Voluntary schemes/household out-of-pocket payments",2020,3.399
"CAN","Canada","PT_B1GQ","Percentage of GDP","HF2HF3","Voluntary schemes/household out-of-pocket payments",2021,3.382
"CAN","Canada","PT_B1GQ","Percentage of GDP","HF2HF3","Voluntary schemes/household out-of-pocket payments",2022,3.202
"CAN","Canada","PT_B1GQ","Percentage of GDP","HF2HF3","Voluntary schemes/household out-of-pocket payments",2023,3.383
"CAN","Canada","PT_B1GQ","Percentage of GDP","HF2HF3","Voluntary schemes/household out-of-pocket payments",2024,3.387
"CAN","Canada","PT_B1GQ","Percentage of GDP","HF2HF3","Voluntary schemes/household out-of-pocket payments",2025,3.402
"CHL","Chile","PT_B1GQ","Percentage of GDP","HF1","Government/compulsory schemes",2015,4.906
"CHL","Chile","PT_B1GQ","Percentage of GDP","HF1","Government/compulsory schemes",2016,5.006
"CHL","Chile","PT_B1GQ","Percentage of GDP","HF1","Government/compulsory schemes",2017,5.468
"CHL","Chile","PT_B1GQ","Percentage of GDP","HF1","Government/compulsory schemes",2018,5.568
"CHL","Chile","PT_B1GQ","Percentage of GDP","HF1","Government/compulsory schemes",2019,5.703
"CHL","Chile","PT_B1GQ","Percentage of GDP","HF1","Government/compulsory schemes",2020,6.331
"CHL","Chile","PT_B1GQ","Percentage of GDP","HF1","Government/compulsory schemes",2021,5.881
"CHL","Chile","PT_B1GQ","Percentage of GDP","HF1","Government/compulsory schemes",2022,5.803
"CHL","Chile","PT_B1GQ","Percentage of GDP","HF1","Government/compulsory schemes",2023,6.029
"CHL","Chile","PT_B1GQ","Percentage of GDP","HF1","Government/compulsory schemes",2024,5.924
"CHL","Chile","PT_B1GQ","Percentage of GDP","HF1","Government/compulsory schemes",2025,5.883
"CHL","Chile","PT_B1GQ","Percentage of GDP","_T","Total",2015,8.351
"CHL","Chile","PT_B1GQ","Percentage of GDP","_T","Total",2016,8.558
"CHL","Chile","PT_B1GQ","Percentage of GDP","_T","Total",2017,9.091
"CHL","Chile","PT_B1GQ","Percentage of GDP","_T","Total",2018,9.15
"CHL","Chile","PT_B1GQ","Percentage of GDP","_T","Total",2019,9.334
"CHL","Chile","PT_B1GQ","Percentage of GDP","_T","Total",2020,9.697
"CHL","Chile","PT_B1GQ","Percentage of GDP","_T","Total",2021,9.719
"CHL","Chile","PT_B1GQ","Percentage of GDP","_T","Total",2022,10.01
"CHL","Chile","PT_B1GQ","Percentage of GDP","_T","Total",2023,10.297
"CHL","Chile","PT_B1GQ","Percentage of GDP","_T","Total",2024,10.478
"CHL","Chile","PT_B1GQ","Percentage of GDP","_T","Total",2025,10.3
"CHL","Chile","PT_B1GQ","Percentage of GDP","HF2HF3","Voluntary schemes/household out-of-pocket payments",2015,3.445
"CHL","Chile","PT_B1GQ","Percentage of GDP","HF2HF3","Voluntary schemes/household out-of-pocket payments",2016,3.552
"CHL","Chile","PT_B1GQ","Percentage of GDP","HF2HF3","Voluntary schemes/household out-of-pocket payments",2017,3.623
"CHL","Chile","PT_B1GQ","Percentage of GDP","HF2HF3","Voluntary schemes/household out-of-pocket payments",2018,3.582
"CHL","Chile","PT_B1GQ","Percentage of GDP","HF2HF3","Voluntary schemes/household out-of-pocket payments",2019,3.631
"CHL","Chile","PT_B1GQ","Percentage of GDP","HF2HF3","Voluntary schemes/household out-of-pocket payments",2020,3.366
"CHL","Chile","PT_B1GQ","Percentage of GDP","HF2HF3","Voluntary schemes/household out-of-pocket payments",2021,3.838
"CHL","Chile","PT_B1GQ","Percentage of GDP","HF2HF3","Voluntary schemes/household out-of-pocket payments",2022,4.207
"CHL","Chile","PT_B1GQ","Percentage of GDP","HF2HF3","Voluntary schemes/household out-of-pocket payments",2023,4.268
"CHL","Chile","PT_B1GQ","Percentage of GDP","HF2HF3","Voluntary schemes/household out-of-pocket payments",2024,4.554
"CHL","Chile","PT_B1GQ","Percentage of GDP","HF2HF3","Voluntary schemes/household out-of-pocket payments",2025,4.417
"DEU","Germany","PT_B1GQ","Percentage of GDP","HF1","Government/compulsory schemes",2015,9.235
"DEU","Germany","PT_B1GQ","Percentage of GDP","HF1","Government/compulsory schemes",2016,9.303
"DEU","Germany","PT_B1GQ","Percentage of GDP","HF1","Government/compulsory schemes",2017,9.377
"DEU","Germany","PT_B1GQ","Percentage of GDP","HF1","Government/compulsory schemes",2018,9.467
"DEU","Germany","PT_B1GQ","Percentage of GDP","HF1","Government/compulsory schemes",2019,9.667
"DEU","Germany","PT_B1GQ","Percentage of GDP","HF1","Government/compulsory schemes",2020,10.687
"DEU","Germany","PT_B1GQ","Percentage of GDP","HF1","Government/compulsory schemes",2021,10.907
"DEU","Germany","PT_B1GQ","Percentage of GDP","HF1","Government/compulsory schemes",2022,10.666
"DEU","Germany","PT_B1GQ","Percentage of GDP","HF1","Government/compulsory schemes",2023,9.968
"DEU","Germany","PT_B1GQ","Percentage of GDP","HF1","Government/compulsory schemes",2024,10.485
"DEU","Germany","PT_B1GQ","Percentage of GDP","HF1","Government/compulsory schemes",2025,10.986
"DEU","Germany","PT_B1GQ","Percentage of GDP","_T","Total",2015,10.918
"DEU","Germany","PT_B1GQ","Percentage of GDP","_T","Total",2016,10.974
"DEU","Germany","PT_B1GQ","Percentage of GDP","_T","Total",2017,11.044
"DEU","Germany","PT_B1GQ","Percentage of GDP","_T","Total",2018,11.174
"DEU","Germany","PT_B1GQ","Percentage of GDP","_T","Total",2019,11.42
"DEU","Germany","PT_B1GQ","Percentage of GDP","_T","Total",2020,12.461
"DEU","Germany","PT_B1GQ","Percentage of GDP","_T","Total",2021,12.705
"DEU","Germany","PT_B1GQ","Percentage of GDP","_T","Total",2022,12.301
"DEU","Germany","PT_B1GQ","Percentage of GDP","_T","Total",2023,11.637
"DEU","Germany","PT_B1GQ","Percentage of GDP","_T","Total",2024,12.208
"DEU","Germany","PT_B1GQ","Percentage of GDP","_T","Total",2025,12.735
"DEU","Germany","PT_B1GQ","Percentage of GDP","HF2HF3","Voluntary schemes/household out-of-pocket payments",2015,1.684
"DEU","Germany","PT_B1GQ","Percentage of GDP","HF2HF3","Voluntary schemes/household out-of-pocket payments",2016,1.671
"DEU","Germany","PT_B1GQ","Percentage of GDP","HF2HF3","Voluntary schemes/household out-of-pocket payments",2017,1.668
"DEU","Germany","PT_B1GQ","Percentage of GDP","HF2HF3","Voluntary schemes/household out-of-pocket payments",2018,1.708
"DEU","Germany","PT_B1GQ","Percentage of GDP","HF2HF3","Voluntary schemes/household out-of-pocket payments",2019,1.754
"DEU","Germany","PT_B1GQ","Percentage of GDP","HF2HF3","Voluntary schemes/household out-of-pocket payments",2020,1.774
"DEU","Germany","PT_B1GQ","Percentage of GDP","HF2HF3","Voluntary schemes/household out-of-pocket payments",2021,1.798
"DEU","Germany","PT_B1GQ","Percentage of GDP","HF2HF3","Voluntary schemes/household out-of-pocket payments",2022,1.635
"DEU","Germany","PT_B1GQ","Percentage of GDP","HF2HF3","Voluntary schemes/household out-of-pocket payments",2023,1.669
"DEU","Germany","PT_B1GQ","Percentage of GDP","HF2HF3","Voluntary schemes/household out-of-pocket payments",2024,1.723
"DEU","Germany","PT_B1GQ","Percentage of GDP","HF2HF3","Voluntary schemes/household out-of-pocket payments",2025,1.749
"FRA","France","PT_B1GQ","Percentage of GDP","HF1","Government/compulsory schemes",2015,8.425
"FRA","France","PT_B1GQ","Percentage of GDP","HF1","Government/compulsory schemes",2016,9.196
"FRA","France","PT_B1GQ","Percentage of GDP","HF1","Government/compulsory schemes",2017,9.131
"FRA","France","PT_B1GQ","Percentage of GDP","HF1","Government/compulsory schemes",2018,9.035
"FRA","France","PT_B1GQ","Percentage of GDP","HF1","Government/compulsory schemes",2019,8.946
"FRA","France","PT_B1GQ","Percentage of GDP","HF1","Government/compulsory schemes",2020,9.879
"FRA","France","PT_B1GQ","Percentage of GDP","HF1","Government/compulsory schemes",2021,10.048
"FRA","France","PT_B1GQ","Percentage of GDP","HF1","Government/compulsory schemes",2022,9.732
"FRA","France","PT_B1GQ","Percentage of GDP","HF1","Government/compulsory schemes",2023,9.439
"FRA","France","PT_B1GQ","Percentage of GDP","HF1","Government/compulsory schemes",2024,9.436
"FRA","France","PT_B1GQ","Percentage of GDP","HF1","Government/compulsory schemes",2025,9.444
"FRA","France","PT_B1GQ","Percentage of GDP","_T","Total",2015,11.279
"FRA","France","PT_B1GQ","Percentage of GDP","_T","Total",2016,11.346
"FRA","France","PT_B1GQ","Percentage of GDP","_T","Total",2017,11.245
"FRA","France","PT_B1GQ","Percentage of GDP","_T","Total",2018,11.11
"FRA","France","PT_B1GQ","Percentage of GDP","_T","Total",2019,10.984
"FRA","France","PT_B1GQ","Percentage of GDP","_T","Total",2020,11.916
"FRA","France","PT_B1GQ","Percentage of GDP","_T","Total",2021,12.08
"FRA","France","PT_B1GQ","Percentage of GDP","_T","Total",2022,11.698
"FRA","France","PT_B1GQ","Percentage of GDP","_T","Total",2023,11.327
"FRA","France","PT_B1GQ","Percentage of GDP","_T","Total",2024,11.326
"FRA","France","PT_B1GQ","Percentage of GDP","_T","Total",2025,11.375
"FRA","France","PT_B1GQ","Percentage of GDP","HF2HF3","Voluntary schemes/household out-of-pocket payments",2015,2.854
"FRA","France","PT_B1GQ","Percentage of GDP","HF2HF3","Voluntary schemes/household out-of-pocket payments",2016,2.15
"FRA","France","PT_B1GQ","Percentage of GDP","HF2HF3","Voluntary schemes/household out-of-pocket payments",2017,2.114
"FRA","France","PT_B1GQ","Percentage of GDP","HF2HF3","Voluntary schemes/household out-of-pocket payments",2018,2.075
"FRA","France","PT_B1GQ","Percentage of GDP","HF2HF3","Voluntary schemes/household out-of-pocket payments",2019,2.038
"FRA","France","PT_B1GQ","Percentage of GDP","HF2HF3","Voluntary schemes/household out-of-pocket payments",2020,2.037
"FRA","France","PT_B1GQ","Percentage of GDP","HF2HF3","Voluntary schemes/household out-of-pocket payments",2021,2.031
"FRA","France","PT_B1GQ","Percentage of GDP","HF2HF3","Voluntary schemes/household out-of-pocket payments",2022,1.967
"FRA","France","PT_B1GQ","Percentage of GDP","HF2HF3","Voluntary schemes/household out-of-pocket payments",2023,1.888
"FRA","France","PT_B1GQ","Percentage of GDP","HF2HF3","Voluntary schemes/household out-of-pocket payments",2024,1.89
"FRA","France","PT_B1GQ","Percentage of GDP","HF2HF3","Voluntary schemes/household out-of-pocket payments",2025,1.931
"GBR","United Kingdom","PT_B1GQ","Percentage of GDP","HF1","Government/compulsory schemes",2015,7.785
"GBR","United Kingdom","PT_B1GQ","Percentage of GDP","HF1","Government/compulsory schemes",2016,7.775
"GBR","United Kingdom","PT_B1GQ","Percentage of GDP","HF1","Government/compulsory schemes",2017,7.588
"GBR","United Kingdom","PT_B1GQ","Percentage of GDP","HF1","Government/compulsory schemes",2018,7.63
"GBR","United Kingdom","PT_B1GQ","Percentage of GDP","HF1","Government/compulsory schemes",2019,7.811
"GBR","United Kingdom","PT_B1GQ","Percentage of GDP","HF1","Government/compulsory schemes",2020,9.991
"GBR","United Kingdom","PT_B1GQ","Percentage of GDP","HF1","Government/compulsory schemes",2021,9.888
"GBR","United Kingdom","PT_B1GQ","Percentage of GDP","HF1","Government/compulsory schemes",2022,8.844
"GBR","United Kingdom","PT_B1GQ","Percentage of GDP","HF1","Government/compulsory schemes",2023,8.739
"GBR","United Kingdom","PT_B1GQ","Percentage of GDP","HF1","Government/compulsory schemes",2024,8.975
"GBR","United Kingdom","PT_B1GQ","Percentage of GDP","HF1","Government/compulsory schemes",2025,9.235
"GBR","United Kingdom","PT_B1GQ","Percentage of GDP","_T","Total",2015,9.896
"GBR","United Kingdom","PT_B1GQ","Percentage of GDP","_T","Total",2016,9.837
"GBR","United Kingdom","PT_B1GQ","Percentage of GDP","_T","Total",2017,9.677
"GBR","United Kingdom","PT_B1GQ","Percentage of GDP","_T","Total",2018,9.726
"GBR","United Kingdom","PT_B1GQ","Percentage of GDP","_T","Total",2019,9.902
"GBR","United Kingdom","PT_B1GQ","Percentage of GDP","_T","Total",2020,12.044
"GBR","United Kingdom","PT_B1GQ","Percentage of GDP","_T","Total",2021,11.969
"GBR","United Kingdom","PT_B1GQ","Percentage of GDP","_T","Total",2022,10.938
"GBR","United Kingdom","PT_B1GQ","Percentage of GDP","_T","Total",2023,10.792
"GBR","United Kingdom","PT_B1GQ","Percentage of GDP","_T","Total",2024,11.081
"GBR","United Kingdom","PT_B1GQ","Percentage of GDP","_T","Total",2025,11.363
"GBR","United Kingdom","PT_B1GQ","Percentage of GDP","HF2HF3","Voluntary schemes/household out-of-pocket payments",2015,2.11
"GBR","United Kingdom","PT_B1GQ","Percentage of GDP","HF2HF3","Voluntary schemes/household out-of-pocket payments",2016,2.063
"GBR","United Kingdom","PT_B1GQ","Percentage of GDP","HF2HF3","Voluntary schemes/household out-of-pocket payments",2017,2.089
"GBR","United Kingdom","PT_B1GQ","Percentage of GDP","HF2HF3","Voluntary schemes/household out-of-pocket payments",2018,2.096
"GBR","United Kingdom","PT_B1GQ","Percentage of GDP","HF2HF3","Voluntary schemes/household out-of-pocket payments",2019,2.091
"GBR","United Kingdom","PT_B1GQ","Percentage of GDP","HF2HF3","Voluntary schemes/household out-of-pocket payments",2020,2.052
"GBR","United Kingdom","PT_B1GQ","Percentage of GDP","HF2HF3","Voluntary schemes/household out-of-pocket payments",2021,2.081
"GBR","United Kingdom","PT_B1GQ","Percentage of GDP","HF2HF3","Voluntary schemes/household out-of-pocket payments",2022,2.094
"GBR","United Kingdom","PT_B1GQ","Percentage of GDP","HF2HF3","Voluntary schemes/household out-of-pocket payments",2023,2.054
"GBR","United Kingdom","PT_B1GQ","Percentage of GDP","HF2HF3","Voluntary schemes/household out-of-pocket payments",2024,2.106
"GBR","United Kingdom","PT_B1GQ","Percentage of GDP","HF2HF3","Voluntary schemes/household out-of-pocket payments",2025,2.128
"JPN","Japan","PT_B1GQ","Percentage of GDP","HF1","Government/compulsory schemes",2015,8.86
"JPN","Japan","PT_B1GQ","Percentage of GDP","HF1","Government/compulsory schemes",2016,8.77
"JPN","Japan","PT_B1GQ","Percentage of GDP","HF1","Government/compulsory schemes",2017,8.783
"JPN","Japan","PT_B1GQ","Percentage of GDP","HF1","Government/compulsory schemes",2018,8.799
"JPN","Japan","PT_B1GQ","Percentage of GDP","HF1","Government/compulsory schemes",2019,8.987
"JPN","Japan","PT_B1GQ","Percentage of GDP","HF1","Government/compulsory schemes",2020,9.524
"JPN","Japan","PT_B1GQ","Percentage of GDP","HF1","Government/compulsory schemes",2021,10.111
"JPN","Japan","PT_B1GQ","Percentage of GDP","HF1","Government/compulsory schemes",2022,10.066
"JPN","Japan","PT_B1GQ","Percentage of GDP","HF1","Government/compulsory schemes",2023,9.159
"JPN","Japan","PT_B1GQ","Percentage of GDP","HF1","Government/compulsory schemes",2024,8.84
"JPN","Japan","PT_B1GQ","Percentage of GDP","HF1","Government/compulsory schemes",2025,8.658
"JPN","Japan","PT_B1GQ","Percentage of GDP","_T","Total",2015,10.538
"JPN","Japan","PT_B1GQ","Percentage of GDP","_T","Total",2016,10.436
"JPN","Japan","PT_B1GQ","Percentage of GDP","_T","Total",2017,10.429
"JPN","Japan","PT_B1GQ","Percentage of GDP","_T","Total",2018,10.504
"JPN","Japan","PT_B1GQ","Percentage of GDP","_T","Total",2019,10.703
"JPN","Japan","PT_B1GQ","Percentage of GDP","_T","Total",2020,11.157
"JPN","Japan","PT_B1GQ","Percentage of GDP","_T","Total",2021,11.708
"JPN","Japan","PT_B1GQ","Percentage of GDP","_T","Total",2022,11.691
"JPN","Japan","PT_B1GQ","Percentage of GDP","_T","Total",2023,10.754
"JPN","Japan","PT_B1GQ","Percentage of GDP","_T","Total",2024,10.3
"JPN","Japan","PT_B1GQ","Percentage of GDP","_T","Total",2025,10.095
"JPN","Japan","PT_B1GQ","Percentage of GDP","HF2HF3","Voluntary schemes/household out-of-pocket payments",2015,1.677
"JPN","Japan","PT_B1GQ","Percentage of GDP","HF2HF3","Voluntary schemes/household out-of-pocket payments",2016,1.666
"JPN","Japan","PT_B1GQ","Percentage of GDP","HF2HF3","Voluntary schemes/household out-of-pocket payments",2017,1.646
"JPN","Japan","PT_B1GQ","Percentage of GDP","HF2HF3","Voluntary schemes/household out-of-pocket payments",2018,1.705
"JPN","Japan","PT_B1GQ","Percentage of GDP","HF2HF3","Voluntary schemes/household out-of-pocket payments",2019,1.716
"JPN","Japan","PT_B1GQ","Percentage of GDP","HF2HF3","Voluntary schemes/household out-of-pocket payments",2020,1.633
"JPN","Japan","PT_B1GQ","Percentage of GDP","HF2HF3","Voluntary schemes/household out-of-pocket payments",2021,1.596
"JPN","Japan","PT_B1GQ","Percentage of GDP","HF2HF3","Voluntary schemes/household out-of-pocket payments",2022,1.625
"JPN","Japan","PT_B1GQ","Percentage of GDP","HF2HF3","Voluntary schemes/household out-of-pocket payments",2023,1.595
"JPN","Japan","PT_B1GQ","Percentage of GDP","HF2HF3","Voluntary schemes/household out-of-pocket payments",2024,1.46
"JPN","Japan","PT_B1GQ","Percentage of GDP","HF2HF3","Voluntary schemes/household out-of-pocket payments",2025,1.438
"KOR","Korea","PT_B1GQ","Percentage of GDP","HF1","Government/compulsory schemes",2015,3.604
"KOR","Korea","PT_B1GQ","Percentage of GDP","HF1","Government/compulsory schemes",2016,3.749
"KOR","Korea","PT_B1GQ","Percentage of GDP","HF1","Government/compulsory schemes",2017,3.887
"KOR","Korea","PT_B1GQ","Percentage of GDP","HF1","Government/compulsory schemes",2018,4.141
"KOR","Korea","PT_B1GQ","Percentage of GDP","HF1","Government/compulsory schemes",2019,4.547
"KOR","Korea","PT_B1GQ","Percentage of GDP","HF1","Government/compulsory schemes",2020,4.79
"KOR","Korea","PT_B1GQ","Percentage of GDP","HF1","Government/compulsory schemes",2021,5.175
"KOR","Korea","PT_B1GQ","Percentage of GDP","HF1","Government/compulsory schemes",2022,5.621
"KOR","Korea","PT_B1GQ","Percentage of GDP","HF1","Government/compulsory schemes",2023,5.103
"KOR","Korea","PT_B1GQ","Percentage of GDP","HF1","Government/compulsory schemes",2024,5.06
"KOR","Korea","PT_B1GQ","Percentage of GDP","HF1","Government/compulsory schemes",2025,4.953
"KOR","Korea","PT_B1GQ","Percentage of GDP","_T","Total",2015,6.46
"KOR","Korea","PT_B1GQ","Percentage of GDP","_T","Total",2016,6.634
"KOR","Korea","PT_B1GQ","Percentage of GDP","_T","Total",2017,6.796
"KOR","Korea","PT_B1GQ","Percentage of GDP","_T","Total",2018,7.14
"KOR","Korea","PT_B1GQ","Percentage of GDP","_T","Total",2019,7.691
"KOR","Korea","PT_B1GQ","Percentage of GDP","_T","Total",2020,8.025
"KOR","Korea","PT_B1GQ","Percentage of GDP","_T","Total",2021,8.327
"KOR","Korea","PT_B1GQ","Percentage of GDP","_T","Total",2022,8.843
"KOR","Korea","PT_B1GQ","Percentage of GDP","_T","Total",2023,8.445
"KOR","Korea","PT_B1GQ","Percentage of GDP","_T","Total",2024,8.462
"KOR","Korea","PT_B1GQ","Percentage of GDP","_T","Total",2025,8.448
"KOR","Korea","PT_B1GQ","Percentage of GDP","HF2HF3","Voluntary schemes/household out-of-pocket payments",2015,2.856
"KOR","Korea","PT_B1GQ","Percentage of GDP","HF2HF3","Voluntary schemes/household out-of-pocket payments",2016,2.884
"KOR","Korea","PT_B1GQ","Percentage of GDP","HF2HF3","Voluntary schemes/household out-of-pocket payments",2017,2.909
"KOR","Korea","PT_B1GQ","Percentage of GDP","HF2HF3","Voluntary schemes/household out-of-pocket payments",2018,3
"KOR","Korea","PT_B1GQ","Percentage of GDP","HF2HF3","Voluntary schemes/household out-of-pocket payments",2019,3.145
"KOR","Korea","PT_B1GQ","Percentage of GDP","HF2HF3","Voluntary schemes/household out-of-pocket payments",2020,3.236
"KOR","Korea","PT_B1GQ","Percentage of GDP","HF2HF3","Voluntary schemes/household out-of-pocket payments",2021,3.152
"KOR","Korea","PT_B1GQ","Percentage of GDP","HF2HF3","Voluntary schemes/household out-of-pocket payments",2022,3.221
"KOR","Korea","PT_B1GQ","Percentage of GDP","HF2HF3","Voluntary schemes/household out-of-pocket payments",2023,3.343
"KOR","Korea","PT_B1GQ","Percentage of GDP","HF2HF3","Voluntary schemes/household out-of-pocket payments",2024,3.402
"KOR","Korea","PT_B1GQ","Percentage of GDP","HF2HF3","Voluntary schemes/household out-of-pocket payments",2025,3.495
"MEX","Mexico","PT_B1GQ","Percentage of GDP","HF1","Government/compulsory schemes",2015,2.885
"MEX","Mexico","PT_B1GQ","Percentage of GDP","HF1","Government/compulsory schemes",2016,2.761
"MEX","Mexico","PT_B1GQ","Percentage of GDP","HF1","Government/compulsory schemes",2017,2.684
"MEX","Mexico","PT_B1GQ","Percentage of GDP","HF1","Government/compulsory schemes",2018,2.6
"MEX","Mexico","PT_B1GQ","Percentage of GDP","HF1","Government/compulsory schemes",2019,2.607
"MEX","Mexico","PT_B1GQ","Percentage of GDP","HF1","Government/compulsory schemes",2020,3.202
"MEX","Mexico","PT_B1GQ","Percentage of GDP","HF1","Government/compulsory schemes",2021,2.951
"MEX","Mexico","PT_B1GQ","Percentage of GDP","HF1","Government/compulsory schemes",2022,2.962
"MEX","Mexico","PT_B1GQ","Percentage of GDP","HF1","Government/compulsory schemes",2023,2.906
"MEX","Mexico","PT_B1GQ","Percentage of GDP","HF1","Government/compulsory schemes",2024,3.174
"MEX","Mexico","PT_B1GQ","Percentage of GDP","HF1","Government/compulsory schemes",2025,3.22
"MEX","Mexico","PT_B1GQ","Percentage of GDP","_T","Total",2015,5.434
"MEX","Mexico","PT_B1GQ","Percentage of GDP","_T","Total",2016,5.316
"MEX","Mexico","PT_B1GQ","Percentage of GDP","_T","Total",2017,5.186
"MEX","Mexico","PT_B1GQ","Percentage of GDP","_T","Total",2018,5.111
"MEX","Mexico","PT_B1GQ","Percentage of GDP","_T","Total",2019,5.171
"MEX","Mexico","PT_B1GQ","Percentage of GDP","_T","Total",2020,5.957
"MEX","Mexico","PT_B1GQ","Percentage of GDP","_T","Total",2021,5.789
"MEX","Mexico","PT_B1GQ","Percentage of GDP","_T","Total",2022,5.715
"MEX","Mexico","PT_B1GQ","Percentage of GDP","_T","Total",2023,5.701
"MEX","Mexico","PT_B1GQ","Percentage of GDP","_T","Total",2024,6.083
"MEX","Mexico","PT_B1GQ","Percentage of GDP","_T","Total",2025,6.171
"MEX","Mexico","PT_B1GQ","Percentage of GDP","HF2HF3","Voluntary schemes/household out-of-pocket payments",2015,2.549
"MEX","Mexico","PT_B1GQ","Percentage of GDP","HF2HF3","Voluntary schemes/household out-of-pocket payments",2016,2.554
"MEX","Mexico","PT_B1GQ","Percentage of GDP","HF2HF3","Voluntary schemes/household out-of-pocket payments",2017,2.502
"MEX","Mexico","PT_B1GQ","Percentage of GDP","HF2HF3","Voluntary schemes/household out-of-pocket payments",2018,2.512
"MEX","Mexico","PT_B1GQ","Percentage of GDP","HF2HF3","Voluntary schemes/household out-of-pocket payments",2019,2.564
"MEX","Mexico","PT_B1GQ","Percentage of GDP","HF2HF3","Voluntary schemes/household out-of-pocket payments",2020,2.755
"MEX","Mexico","PT_B1GQ","Percentage of GDP","HF2HF3","Voluntary schemes/household out-of-pocket payments",2021,2.838
"MEX","Mexico","PT_B1GQ","Percentage of GDP","HF2HF3","Voluntary schemes/household out-of-pocket payments",2022,2.754
"MEX","Mexico","PT_B1GQ","Percentage of GDP","HF2HF3","Voluntary schemes/household out-of-pocket payments",2023,2.795
"MEX","Mexico","PT_B1GQ","Percentage of GDP","HF2HF3","Voluntary schemes/household out-of-pocket payments",2024,2.909
"MEX","Mexico","PT_B1GQ","Percentage of GDP","HF2HF3","Voluntary schemes/household out-of-pocket payments",2025,2.951
"NLD","Netherlands","PT_B1GQ","Percentage of GDP","HF1","Government/compulsory schemes",2015,8.291
"NLD","Netherlands","PT_B1GQ","Percentage of GDP","HF1","Government/compulsory schemes",2016,8.22
"NLD","Netherlands","PT_B1GQ","Percentage of GDP","HF1","Government/compulsory schemes",2017,8.117
"NLD","Netherlands","PT_B1GQ","Percentage of GDP","HF1","Government/compulsory schemes",2018,8.088
"NLD","Netherlands","PT_B1GQ","Percentage of GDP","HF1","Government/compulsory schemes",2019,8.227
"NLD","Netherlands","PT_B1GQ","Percentage of GDP","HF1","Government/compulsory schemes",2020,9.304
"NLD","Netherlands","PT_B1GQ","Percentage of GDP","HF1","Government/compulsory schemes",2021,9.347
"NLD","Netherlands","PT_B1GQ","Percentage of GDP","HF1","Government/compulsory schemes",2022,8.355
"NLD","Netherlands","PT_B1GQ","Percentage of GDP","HF1","Government/compulsory schemes",2023,8.285
"NLD","Netherlands","PT_B1GQ","Percentage of GDP","HF1","Government/compulsory schemes",2024,8.387
"NLD","Netherlands","PT_B1GQ","Percentage of GDP","HF1","Government/compulsory schemes",2025,8.469
"NLD","Netherlands","PT_B1GQ","Percentage of GDP","_T","Total",2015,10.189
"NLD","Netherlands","PT_B1GQ","Percentage of GDP","_T","Total",2016,10.125
"NLD","Netherlands","PT_B1GQ","Percentage of GDP","_T","Total",2017,9.937
"NLD","Netherlands","PT_B1GQ","Percentage of GDP","_T","Total",2018,9.851
"NLD","Netherlands","PT_B1GQ","Percentage of GDP","_T","Total",2019,9.936
"NLD","Netherlands","PT_B1GQ","Percentage of GDP","_T","Total",2020,10.95
"NLD","Netherlands","PT_B1GQ","Percentage of GDP","_T","Total",2021,11.159
"NLD","Netherlands","PT_B1GQ","Percentage of GDP","_T","Total",2022,10.076
"NLD","Netherlands","PT_B1GQ","Percentage of GDP","_T","Total",2023,10.037
"NLD","Netherlands","PT_B1GQ","Percentage of GDP","_T","Total",2024,10.1
"NLD","Netherlands","PT_B1GQ","Percentage of GDP","_T","Total",2025,10.191
"NLD","Netherlands","PT_B1GQ","Percentage of GDP","HF2HF3","Voluntary schemes/household out-of-pocket payments",2015,1.897
"NLD","Netherlands","PT_B1GQ","Percentage of GDP","HF2HF3","Voluntary schemes/household out-of-pocket payments",2016,1.905
"NLD","Netherlands","PT_B1GQ","Percentage of GDP","HF2HF3","Voluntary schemes/household out-of-pocket payments",2017,1.82
"NLD","Netherlands","PT_B1GQ","Percentage of GDP","HF2HF3","Voluntary schemes/household out-of-pocket payments",2018,1.763
"NLD","Netherlands","PT_B1GQ","Percentage of GDP","HF2HF3","Voluntary schemes/household out-of-pocket payments",2019,1.709
"NLD","Netherlands","PT_B1GQ","Percentage of GDP","HF2HF3","Voluntary schemes/household out-of-pocket payments",2020,1.646
"NLD","Netherlands","PT_B1GQ","Percentage of GDP","HF2HF3","Voluntary schemes/household out-of-pocket payments",2021,1.813
"NLD","Netherlands","PT_B1GQ","Percentage of GDP","HF2HF3","Voluntary schemes/household out-of-pocket payments",2022,1.721
"NLD","Netherlands","PT_B1GQ","Percentage of GDP","HF2HF3","Voluntary schemes/household out-of-pocket payments",2023,1.752
"NLD","Netherlands","PT_B1GQ","Percentage of GDP","HF2HF3","Voluntary schemes/household out-of-pocket payments",2024,1.713
"NLD","Netherlands","PT_B1GQ","Percentage of GDP","HF2HF3","Voluntary schemes/household out-of-pocket payments",2025,1.722
"NZL","New Zealand","PT_B1GQ","Percentage of GDP","HF1","Government/compulsory schemes",2015,6.974
"NZL","New Zealand","PT_B1GQ","Percentage of GDP","HF1","Government/compulsory schemes",2016,6.791
"NZL","New Zealand","PT_B1GQ","Percentage of GDP","HF1","Government/compulsory schemes",2017,6.687
"NZL","New Zealand","PT_B1GQ","Percentage of GDP","HF1","Government/compulsory schemes",2018,6.634
"NZL","New Zealand","PT_B1GQ","Percentage of GDP","HF1","Government/compulsory schemes",2019,6.675
"NZL","New Zealand","PT_B1GQ","Percentage of GDP","HF1","Government/compulsory schemes",2020,7.239
"NZL","New Zealand","PT_B1GQ","Percentage of GDP","HF1","Government/compulsory schemes",2021,7.555
"NZL","New Zealand","PT_B1GQ","Percentage of GDP","HF1","Government/compulsory schemes",2022,8.649
"NZL","New Zealand","PT_B1GQ","Percentage of GDP","HF1","Government/compulsory schemes",2023,8.122
"NZL","New Zealand","PT_B1GQ","Percentage of GDP","HF1","Government/compulsory schemes",2024,7.989
"NZL","New Zealand","PT_B1GQ","Percentage of GDP","HF1","Government/compulsory schemes",2025,7.754
"NZL","New Zealand","PT_B1GQ","Percentage of GDP","_T","Total",2015,8.893
"NZL","New Zealand","PT_B1GQ","Percentage of GDP","_T","Total",2016,8.774
"NZL","New Zealand","PT_B1GQ","Percentage of GDP","_T","Total",2017,8.626
"NZL","New Zealand","PT_B1GQ","Percentage of GDP","_T","Total",2018,8.58
"NZL","New Zealand","PT_B1GQ","Percentage of GDP","_T","Total",2019,8.616
"NZL","New Zealand","PT_B1GQ","Percentage of GDP","_T","Total",2020,9.24
"NZL","New Zealand","PT_B1GQ","Percentage of GDP","_T","Total",2021,9.56
"NZL","New Zealand","PT_B1GQ","Percentage of GDP","_T","Total",2022,10.559
"NZL","New Zealand","PT_B1GQ","Percentage of GDP","_T","Total",2023,10.083
"NZL","New Zealand","PT_B1GQ","Percentage of GDP","_T","Total",2024,10.013
"NZL","New Zealand","PT_B1GQ","Percentage of GDP","_T","Total",2025,9.786
"NZL","New Zealand","PT_B1GQ","Percentage of GDP","HF2HF3","Voluntary schemes/household out-of-pocket payments",2015,1.919
"NZL","New Zealand","PT_B1GQ","Percentage of GDP","HF2HF3","Voluntary schemes/household out-of-pocket payments",2016,1.983
"NZL","New Zealand","PT_B1GQ","Percentage of GDP","HF2HF3","Voluntary schemes/household out-of-pocket payments",2017,1.938
"NZL","New Zealand","PT_B1GQ","Percentage of GDP","HF2HF3","Voluntary schemes/household out-of-pocket payments",2018,1.946
"NZL","New Zealand","PT_B1GQ","Percentage of GDP","HF2HF3","Voluntary schemes/household out-of-pocket payments",2019,1.941
"NZL","New Zealand","PT_B1GQ","Percentage of GDP","HF2HF3","Voluntary schemes/household out-of-pocket payments",2020,2.001
"NZL","New Zealand","PT_B1GQ","Percentage of GDP","HF2HF3","Voluntary schemes/household out-of-pocket payments",2021,2.005
"NZL","New Zealand","PT_B1GQ","Percentage of GDP","HF2HF3","Voluntary schemes/household out-of-pocket payments",2022,1.91
"NZL","New Zealand","PT_B1GQ","Percentage of GDP","HF2HF3","Voluntary schemes/household out-of-pocket payments",2023,1.961
"NZL","New Zealand","PT_B1GQ","Percentage of GDP","HF2HF3","Voluntary schemes/household out-of-pocket payments",2024,2.024
"NZL","New Zealand","PT_B1GQ","Percentage of GDP","HF2HF3","Voluntary schemes/household out-of-pocket payments",2025,2.031
"POL","Poland","PT_B1GQ","Percentage of GDP","HF1","Government/compulsory schemes",2015,4.439
"POL","Poland","PT_B1GQ","Percentage of GDP","HF1","Government/compulsory schemes",2016,4.524
"POL","Poland","PT_B1GQ","Percentage of GDP","HF1","Government/compulsory schemes",2017,4.529
"POL","Poland","PT_B1GQ","Percentage of GDP","HF1","Government/compulsory schemes",2018,4.469
"POL","Poland","PT_B1GQ","Percentage of GDP","HF1","Government/compulsory schemes",2019,4.586
"POL","Poland","PT_B1GQ","Percentage of GDP","HF1","Government/compulsory schemes",2020,4.645
"POL","Poland","PT_B1GQ","Percentage of GDP","HF1","Government/compulsory schemes",2021,4.719
"POL","Poland","PT_B1GQ","Percentage of GDP","HF1","Government/compulsory schemes",2022,4.978
"POL","Poland","PT_B1GQ","Percentage of GDP","HF1","Government/compulsory schemes",2023,5.537
"POL","Poland","PT_B1GQ","Percentage of GDP","HF1","Government/compulsory schemes",2024,6.028
"POL","Poland","PT_B1GQ","Percentage of GDP","HF1","Government/compulsory schemes",2025,6.947
"POL","Poland","PT_B1GQ","Percentage of GDP","_T","Total",2015,6.365
"POL","Poland","PT_B1GQ","Percentage of GDP","_T","Total",2016,6.526
"POL","Poland","PT_B1GQ","Percentage of GDP","_T","Total",2017,6.537
"POL","Poland","PT_B1GQ","Percentage of GDP","_T","Total",2018,6.251
"POL","Poland","PT_B1GQ","Percentage of GDP","_T","Total",2019,6.389
"POL","Poland","PT_B1GQ","Percentage of GDP","_T","Total",2020,6.427
"POL","Poland","PT_B1GQ","Percentage of GDP","_T","Total",2021,6.45
"POL","Poland","PT_B1GQ","Percentage of GDP","_T","Total",2022,6.641
"POL","Poland","PT_B1GQ","Percentage of GDP","_T","Total",2023,7.138
"POL","Poland","PT_B1GQ","Percentage of GDP","_T","Total",2024,7.837
"POL","Poland","PT_B1GQ","Percentage of GDP","_T","Total",2025,8.894
"POL","Poland","PT_B1GQ","Percentage of GDP","HF2HF3","Voluntary schemes/household out-of-pocket payments",2015,1.926
"POL","Poland","PT_B1GQ","Percentage of GDP","HF2HF3","Voluntary schemes/household out-of-pocket payments",2016,2.002
"POL","Poland","PT_B1GQ","Percentage of GDP","HF2HF3","Voluntary schemes/household out-of-pocket payments",2017,2.008
"POL","Poland","PT_B1GQ","Percentage of GDP","HF2HF3","Voluntary schemes/household out-of-pocket payments",2018,1.782
"POL","Poland","PT_B1GQ","Percentage of GDP","HF2HF3","Voluntary schemes/household out-of-pocket payments",2019,1.803
"POL","Poland","PT_B1GQ","Percentage of GDP","HF2HF3","Voluntary schemes/household out-of-pocket payments",2020,1.783
"POL","Poland","PT_B1GQ","Percentage of GDP","HF2HF3","Voluntary schemes/household out-of-pocket payments",2021,1.731
"POL","Poland","PT_B1GQ","Percentage of GDP","HF2HF3","Voluntary schemes/household out-of-pocket payments",2022,1.663
"POL","Poland","PT_B1GQ","Percentage of GDP","HF2HF3","Voluntary schemes/household out-of-pocket payments",2023,1.601
"POL","Poland","PT_B1GQ","Percentage of GDP","HF2HF3","Voluntary schemes/household out-of-pocket payments",2024,1.809
"POL","Poland","PT_B1GQ","Percentage of GDP","HF2HF3","Voluntary schemes/household out-of-pocket payments",2025,1.948
"SWE","Sweden","PT_B1GQ","Percentage of GDP","HF1","Government/compulsory schemes",2015,9.163
"SWE","Sweden","PT_B1GQ","Percentage of GDP","HF1","Government/compulsory schemes",2016,9.234
"SWE","Sweden","PT_B1GQ","Percentage of GDP","HF1","Government/compulsory schemes",2017,9.271
"SWE","Sweden","PT_B1GQ","Percentage of GDP","HF1","Government/compulsory schemes",2018,9.398
"SWE","Sweden","PT_B1GQ","Percentage of GDP","HF1","Government/compulsory schemes",2019,9.303
"SWE","Sweden","PT_B1GQ","Percentage of GDP","HF1","Government/compulsory schemes",2020,9.848
"SWE","Sweden","PT_B1GQ","Percentage of GDP","HF1","Government/compulsory schemes",2021,9.716
"SWE","Sweden","PT_B1GQ","Percentage of GDP","HF1","Government/compulsory schemes",2022,9.399
"SWE","Sweden","PT_B1GQ","Percentage of GDP","HF1","Government/compulsory schemes",2023,9.695
"SWE","Sweden","PT_B1GQ","Percentage of GDP","HF1","Government/compulsory schemes",2024,9.603
"SWE","Sweden","PT_B1GQ","Percentage of GDP","HF1","Government/compulsory schemes",2025,9.337
"SWE","Sweden","PT_B1GQ","Percentage of GDP","_T","Total",2015,10.933
"SWE","Sweden","PT_B1GQ","Percentage of GDP","_T","Total",2016,10.98
"SWE","Sweden","PT_B1GQ","Percentage of GDP","_T","Total",2017,10.964
"SWE","Sweden","PT_B1GQ","Percentage of GDP","_T","Total",2018,11.122
"SWE","Sweden","PT_B1GQ","Percentage of GDP","_T","Total",2019,10.959
"SWE","Sweden","PT_B1GQ","Percentage of GDP","_T","Total",2020,11.442
"SWE","Sweden","PT_B1GQ","Percentage of GDP","_T","Total",2021,11.325
"SWE","Sweden","PT_B1GQ","Percentage of GDP","_T","Total",2022,10.946
"SWE","Sweden","PT_B1GQ","Percentage of GDP","_T","Total",2023,11.243
"SWE","Sweden","PT_B1GQ","Percentage of GDP","_T","Total",2024,11.158
"SWE","Sweden","PT_B1GQ","Percentage of GDP","_T","Total",2025,10.911
"SWE","Sweden","PT_B1GQ","Percentage of GDP","HF2HF3","Voluntary schemes/household out-of-pocket payments",2015,1.77
"SWE","Sweden","PT_B1GQ","Percentage of GDP","HF2HF3","Voluntary schemes/household out-of-pocket payments",2016,1.746
"SWE","Sweden","PT_B1GQ","Percentage of GDP","HF2HF3","Voluntary schemes/household out-of-pocket payments",2017,1.694
"SWE","Sweden","PT_B1GQ","Percentage of GDP","HF2HF3","Voluntary schemes/household out-of-pocket payments",2018,1.724
"SWE","Sweden","PT_B1GQ","Percentage of GDP","HF2HF3","Voluntary schemes/household out-of-pocket payments",2019,1.656
"SWE","Sweden","PT_B1GQ","Percentage of GDP","HF2HF3","Voluntary schemes/household out-of-pocket payments",2020,1.594
"SWE","Sweden","PT_B1GQ","Percentage of GDP","HF2HF3","Voluntary schemes/household out-of-pocket payments",2021,1.609
"SWE","Sweden","PT_B1GQ","Percentage of GDP","HF2HF3","Voluntary schemes/household out-of-pocket payments",2022,1.548
"SWE","Sweden","PT_B1GQ","Percentage of GDP","HF2HF3","Voluntary schemes/household out-of-pocket payments",2023,1.548
"SWE","Sweden","PT_B1GQ","Percentage of GDP","HF2HF3","Voluntary schemes/household out-of-pocket payments",2024,1.556
"SWE","Sweden","PT_B1GQ","Percentage of GDP","HF2HF3","Voluntary schemes/household out-of-pocket payments",2025,1.574
"USA","United States","PT_B1GQ","Percentage of GDP","HF1","Government/compulsory schemes",2015,13.628
"USA","United States","PT_B1GQ","Percentage of GDP","HF1","Government/compulsory schemes",2016,13.873
"USA","United States","PT_B1GQ","Percentage of GDP","HF1","Government/compulsory schemes",2017,13.816
"USA","United States","PT_B1GQ","Percentage of GDP","HF1","Government/compulsory schemes",2018,13.784
"USA","United States","PT_B1GQ","Percentage of GDP","HF1","Government/compulsory schemes",2019,13.816
"USA","United States","PT_B1GQ","Percentage of GDP","HF1","Government/compulsory schemes",2020,15.797
"USA","United States","PT_B1GQ","Percentage of GDP","HF1","Government/compulsory schemes",2021,14.639
"USA","United States","PT_B1GQ","Percentage of GDP","HF1","Government/compulsory schemes",2022,14.008
"USA","United States","PT_B1GQ","Percentage of GDP","HF1","Government/compulsory schemes",2023,14.054
"USA","United States","PT_B1GQ","Percentage of GDP","HF1","Government/compulsory schemes",2024,14.302
"USA","United States","PT_B1GQ","Percentage of GDP","HF1","Government/compulsory schemes",2025,14.641
"USA","United States","PT_B1GQ","Percentage of GDP","_T","Total",2015,16.465
"USA","United States","PT_B1GQ","Percentage of GDP","_T","Total",2016,16.778
"USA","United States","PT_B1GQ","Percentage of GDP","_T","Total",2017,16.729
"USA","United States","PT_B1GQ","Percentage of GDP","_T","Total",2018,16.677
"USA","United States","PT_B1GQ","Percentage of GDP","_T","Total",2019,16.745
"USA","United States","PT_B1GQ","Percentage of GDP","_T","Total",2020,18.734
"USA","United States","PT_B1GQ","Percentage of GDP","_T","Total",2021,17.53
"USA","United States","PT_B1GQ","Percentage of GDP","_T","Total",2022,16.744
"USA","United States","PT_B1GQ","Percentage of GDP","_T","Total",2023,16.87
"USA","United States","PT_B1GQ","Percentage of GDP","_T","Total",2024,17.202
"USA","United States","PT_B1GQ","Percentage of GDP","_T","Total",2025,17.598
"USA","United States","PT_B1GQ","Percentage of GDP","HF2HF3","Voluntary schemes/household out-of-pocket payments",2015,2.837
"USA","United States","PT_B1GQ","Percentage of GDP","HF2HF3","Voluntary schemes/household out-of-pocket payments",2016,2.904
"USA","United States","PT_B1GQ","Percentage of GDP","HF2HF3","Voluntary schemes/household out-of-pocket payments",2017,2.913
"USA","United States","PT_B1GQ","Percentage of GDP","HF2HF3","Voluntary schemes/household out-of-pocket payments",2018,2.894
"USA","United States","PT_B1GQ","Percentage of GDP","HF2HF3","Voluntary schemes/household out-of-pocket payments",2019,2.929
"USA","United States","PT_B1GQ","Percentage of GDP","HF2HF3","Voluntary schemes/household out-of-pocket payments",2020,2.936
"USA","United States","PT_B1GQ","Percentage of GDP","HF2HF3","Voluntary schemes/household out-of-pocket payments",2021,2.891
"USA","United States","PT_B1GQ","Percentage of GDP","HF2HF3","Voluntary schemes/household out-of-pocket payments",2022,2.736
"USA","United States","PT_B1GQ","Percentage of GDP","HF2HF3","Voluntary schemes/household out-of-pocket payments",2023,2.816
"USA","United States","PT_B1GQ","Percentage of GDP","HF2HF3","Voluntary schemes/household out-of-pocket payments",2024,2.9
"USA","United States","PT_B1GQ","Percentage of GDP","HF2HF3","Voluntary schemes/household out-of-pocket payments",2025,2.957
